{
  "version": 0,
  "yresolution": 2048,
  "lens": 8.5,
  "sensorwidth": 5.6,
  "K": [
    [
      1053.7530780102734,
      0.0,
      653.0599285257462
    ],
    [
      0.0,
      1069.6771445705897,
      458.1035343196236
    ],
    [
      0.0,
      0.0,
      1.0
    ]
  ],
  "xresolution": 2448,
  "D": [
    [
      -0.30980744902831464
    ],
    [
      0.14470853890638735
    ],
    [
      -0.0006571271638145958
    ],
    [
      -0.0006372140224997878
    ],
    [
      -0.03905921729264471
    ]
  ]
}
