{
  "yresolution": 2048, 
  "D": [
    [
      0.0, 
      0.0, 
      0.0, 
      0.0, 
      0.0
    ]
  ], 
  "K": [
    [
      4662.857142857142, 
      0.0, 
      1224.0
    ], 
    [
      0.0, 
      4662.857142857142, 
      1024.0
    ], 
    [
      0.0, 
      0.0, 
      1.0
    ]
  ], 
  "lens": 16.0, 
  "version": 0, 
  "sensorwidth": 18.0,
  "xresolution": 2048
}
