{
  "yresolution": 480,
  "D": [
    [
      0.0,
      0.0,
      0.0,
      0.0,
      0.0
    ]
  ],
  "K": [
    [
      4662.857142857142,
      0.0,
      1224.0
    ],
    [
      0.0,
      4662.857142857142,
      1024.0
    ],
    [
      0.0, 
      0.0,
      1.0
    ]
  ], 
  "lens": 19.0,
  "version": 0,
  "sensorwidth": 10.88,
  "xresolution": 640
}
